
{
    "N": 5,
    "sigma": 1,
    "sides": 3,
    "bumps_per_side": 2,
    "k": 1,
    "dt": 0.001,
    "max_energy_iter": 1000000000000,
    "E_thresh": 0.0000000001, 
    "P_t": 0.00001,
    "P_tol_log": 0.001,
    "r_scale": 0.999
}
